{
	"X_Axis":
	{
		"Dist": 0.0015551147200000002
	},
	"Y_Axis":
	{
		"Dist": 0.0017703086000000002
	},
	"Z_Axis":
	{
		"Dist": 0.0026712000000000003
	}
}