{
	"X_Axis":
	{
		"SPEED X": 0.11000000000000001,
		"VAR X": 1.0000000000000005E-4
	},
	"Y_Axis":
	{
		"SPEED Y": 0.03,
		"VAR Y": 1.0E-4
	},
	"Z_Axis":
	{
		"SPEED Z": 0.03,
		"VAR Z": 1.0E-4
	}
}