{
	"X_Axis":
	{
		"SPEED X": 0.058316802,
		"VAR X": 3.77872155056356E-4
	},
	"Y_Axis":
	{
		"SPEED Y": 0.06639143,
		"VAR Y": 4.903314921648999E-4
	},
	"Z_Axis":
	{
		"SPEED Z": 0.10017000000000001,
		"VAR Z": 0.0011148921000000002
	}
}