{
	"X_Axis":
	{
		"SPEED X": 1.6783168019999999,
		"VAR X": 0.0035329868750563556
	},
	"Y_Axis":
	{
		"SPEED Y": 0.50639143,
		"VAR Y": 0.010433280292164901
	},
	"Z_Axis":
	{
		"SPEED Z": 1.06017,
		"VAR Z": 0.0028504921000000053
	}
}